{"properties":{"connectionReferences":{"shared_commondataservice":{"runtimeSource":"invoker","connection":{"connectionReferenceLogicalName":"caps_sharedcommondataservice_bb737"},"api":{"name":"shared_commondataservice"}},"shared_commondataserviceforapps":{"runtimeSource":"embedded","connection":{"connectionReferenceLogicalName":"caps_sharedcommondataserviceforapps_04729"},"api":{"name":"shared_commondataserviceforapps"}}},"definition":{"$schema":"https://schema.management.azure.com/providers/Microsoft.Logic/schemas/2016-06-01/workflowdefinition.json#","contentVersion":"1.0.0.0","parameters":{"$connections":{"defaultValue":{},"type":"Object"},"$authentication":{"defaultValue":{},"type":"SecureObject"}},"triggers":{"manual":{"splitOn":"@triggerBody()['rows']","type":"Request","kind":"ApiConnection","inputs":{"schema":{"type":"object","properties":{"rows":{"type":"array","items":{"type":"object","properties":{"entity":{"type":"object","properties":{"_caps_project_value":{"title":"Project Request","type":"string","format":"guid"},"caps_projecthistoryid":{"title":"Project History","type":"string","format":"guid"}},"required":["_caps_project_value","caps_projecthistoryid"]}},"required":["entity"]}}},"required":["rows"]},"host":{"connection":{"name":"@parameters('$connections')['shared_commondataservice']['connectionId']"}},"operationId":"GetOnNewItems_V2","parameters":{"dataset":"default.cds","table":"caps_projecthistories"}}}},"actions":{"List_PRFS_Alternative_Option_related_to_Project_Request":{"runAfter":{"PRFS_Alternative_Options_All":["Succeeded"]},"type":"OpenApiConnection","inputs":{"host":{"connectionName":"shared_commondataserviceforapps","operationId":"ListRecords","apiId":"/providers/Microsoft.PowerApps/apis/shared_commondataserviceforapps"},"parameters":{"entityName":"caps_prfsalternativeoptions","fetchXml":"<fetch version=\"1.0\" output-format=\"xml-platform\" mapping=\"logical\" distinct=\"false\" >\n  <entity name=\"caps_prfsalternativeoption\" >\n    <all-attributes/>\n    <filter type=\"and\" >\n      <condition attribute=\"statuscode\" operator=\"neq\" value=\"2\" />\n      <condition attribute=\"caps_projectrequest\" operator=\"eq\" value=\"@{triggerBody()?['entity']?['_caps_project_value']}\" uitype=\"caps_project\" />\n    </filter>\n  </entity>\n</fetch>"},"authentication":{"type":"Raw","value":"@json(decodeBase64(triggerOutputs().headers['X-MS-APIM-Tokens']))['$ConnectionKey']"}}},"Check_if_any_PRFS_Alt_option_returned":{"actions":{"Apply_to_Each_listed_PRFS_Record":{"foreach":"@outputs('List_PRFS_Alternative_Option_related_to_Project_Request')?['body/value']","actions":{"Check_if_Project_Type_contains_data":{"actions":{"Get_Project_Type":{"runAfter":{},"type":"OpenApiConnection","inputs":{"host":{"connectionName":"shared_commondataserviceforapps","operationId":"GetItem","apiId":"/providers/Microsoft.PowerApps/apis/shared_commondataserviceforapps"},"parameters":{"entityName":"caps_projecttypes","recordId":"@items('Apply_to_Each_listed_PRFS_Record')?['_caps_projecttype_value']"},"authentication":{"type":"Raw","value":"@json(decodeBase64(triggerOutputs().headers['X-MS-APIM-Tokens']))['$ConnectionKey']"}}}},"runAfter":{},"expression":{"not":{"equals":["@items('Apply_to_Each_listed_PRFS_Record')?['_caps_projecttype_value']","@null"]}},"type":"If"},"Check_if_Submission_Category_contains_data":{"actions":{"Get_Submission_Category":{"runAfter":{},"type":"OpenApiConnection","inputs":{"host":{"connectionName":"shared_commondataserviceforapps","operationId":"GetItem","apiId":"/providers/Microsoft.PowerApps/apis/shared_commondataserviceforapps"},"parameters":{"entityName":"caps_submissioncategories","recordId":"@items('Apply_to_Each_listed_PRFS_Record')?['_caps_submissioncategory_value']"},"authentication":{"type":"Raw","value":"@json(decodeBase64(triggerOutputs().headers['X-MS-APIM-Tokens']))['$ConnectionKey']"}}}},"runAfter":{"Check_if_Project_Type_contains_data":["Succeeded"]},"expression":{"not":{"equals":["@items('Apply_to_Each_listed_PRFS_Record')?['_caps_submissioncategory_value']","@null"]}},"type":"If"},"Check_if_facility_contains_data":{"actions":{"Get_Facility":{"runAfter":{},"type":"OpenApiConnection","inputs":{"host":{"connectionName":"shared_commondataserviceforapps","operationId":"GetItem","apiId":"/providers/Microsoft.PowerApps/apis/shared_commondataserviceforapps"},"parameters":{"entityName":"caps_facilities","recordId":"@items('Apply_to_Each_listed_PRFS_Record')?['_caps_facility_value']"},"authentication":{"type":"Raw","value":"@json(decodeBase64(triggerOutputs().headers['X-MS-APIM-Tokens']))['$ConnectionKey']"}}}},"runAfter":{"Check_if_Submission_Category_contains_data":["Succeeded"]},"expression":{"not":{"equals":["@items('Apply_to_Each_listed_PRFS_Record')?['_caps_facility_value']","@null"]}},"type":"If"},"Check_if_Anticipated_Start_year_contains_data":{"actions":{"Get_Anticipated_Start_year_record":{"runAfter":{},"type":"OpenApiConnection","inputs":{"host":{"connectionName":"shared_commondataserviceforapps","operationId":"GetItem","apiId":"/providers/Microsoft.PowerApps/apis/shared_commondataserviceforapps"},"parameters":{"entityName":"edu_years","recordId":"@items('Apply_to_Each_listed_PRFS_Record')?['_caps_anticipatedoptionstartyear_value']"},"authentication":{"type":"Raw","value":"@json(decodeBase64(triggerOutputs().headers['X-MS-APIM-Tokens']))['$ConnectionKey']"}}}},"runAfter":{"Check_if_facility_contains_data":["Succeeded"]},"expression":{"not":{"equals":["@items('Apply_to_Each_listed_PRFS_Record')?['_caps_anticipatedoptionstartyear_value']","@null"]}},"type":"If"},"Check_if_Anticipated_Occupancy_Year_contains_data":{"actions":{"Get_Anticipated_Occupancy_Year":{"runAfter":{},"type":"OpenApiConnection","inputs":{"host":{"connectionName":"shared_commondataserviceforapps","operationId":"GetItem","apiId":"/providers/Microsoft.PowerApps/apis/shared_commondataserviceforapps"},"parameters":{"entityName":"edu_years","recordId":"@items('Apply_to_Each_listed_PRFS_Record')?['_caps_occupancyyear_value']"},"authentication":{"type":"Raw","value":"@json(decodeBase64(triggerOutputs().headers['X-MS-APIM-Tokens']))['$ConnectionKey']"}}}},"runAfter":{"Check_if_Anticipated_Start_year_contains_data":["Succeeded"]},"expression":{"not":{"equals":["@items('Apply_to_Each_listed_PRFS_Record')?['_caps_occupancyyear_value']","@null"]}},"type":"If"},"Check_if_Total_Option_Cost_contains_data":{"actions":{"Total_Option_Cost_Number":{"runAfter":{},"type":"Expression","kind":"FormatNumber","inputs":{"number":"@items('Apply_to_Each_listed_PRFS_Record')?['caps_totaloptioncost']","format":"###,###,###"}}},"runAfter":{"Check_if_Anticipated_Occupancy_Year_contains_data":["Succeeded"]},"expression":{"not":{"equals":["@items('Apply_to_Each_listed_PRFS_Record')?['caps_totaloptioncost']","@null"]}},"type":"If"},"Check_if_Preliminary_Budget_Total_contains_data":{"actions":{"Preliminary_Budget_Total_Number":{"runAfter":{},"type":"Expression","kind":"FormatNumber","inputs":{"number":"@items('Apply_to_Each_listed_PRFS_Record')?['caps_schedulebtotal']","format":"###,###,###"}}},"runAfter":{"Check_if_Total_Option_Cost_contains_data":["Succeeded"]},"expression":{"not":{"equals":["@items('Apply_to_Each_listed_PRFS_Record')?['caps_schedulebtotal']","@null"]}},"type":"If"},"Append_to_PRFS_Alternative_Options_All":{"runAfter":{"Check_if_Preliminary_Budget_Total_contains_data":["Succeeded"]},"type":"AppendToStringVariable","inputs":{"name":"PRFS Alternative Options All","value":"@{items('Apply_to_Each_listed_PRFS_Record')?['caps_name']}\nSubmission Category: @{outputs('Get_Submission_Category')?['body/caps_name']}\nProject Type: @{outputs('Get_Project_Type')?['body/caps_type']}\nFacility:@{outputs('Get_Facility')?['body/caps_name']}\nProposed Facility: @{items('Apply_to_Each_listed_PRFS_Record')?['caps_proposedfacility']}\nAnticipated Start Year: @{outputs('Get_Anticipated_Start_year_record')?['body/edu_name']}\nAnticipated Occupancy Year: @{outputs('Get_Anticipated_Occupancy_Year')?['body/edu_name']}\nConstruction Area (m²): @{items('Apply_to_Each_listed_PRFS_Record')?['caps_constructionarea']}\nChange in Capacity: @{items('Apply_to_Each_listed_PRFS_Record')?['caps_changeindistrictoperatingcapacity_total']}\nTotal Option Cost: $@{string(outputs('Total_Option_Cost_Number')?['body'])}\nPreliminary Budget Total: $@{if(empty(outputs('Preliminary_Budget_Total_Number')?['body']),'N/A',outputs('Preliminary_Budget_Total_Number')?['body'])}\n\n--------------\n"}}},"runAfter":{},"type":"Foreach"},"Update_Project_History_Record":{"runAfter":{"Apply_to_Each_listed_PRFS_Record":["Succeeded"]},"type":"OpenApiConnection","inputs":{"host":{"connectionName":"shared_commondataserviceforapps","operationId":"UpdateRecord","apiId":"/providers/Microsoft.PowerApps/apis/shared_commondataserviceforapps"},"parameters":{"entityName":"caps_projecthistories","recordId":"@triggerBody()?['entity']?['caps_projecthistoryid']","item/caps_prfsalternativeoption":"@variables('PRFS Alternative Options All')"},"authentication":{"type":"Raw","value":"@json(decodeBase64(triggerOutputs().headers['X-MS-APIM-Tokens']))['$ConnectionKey']"}}}},"runAfter":{"List_PRFS_Alternative_Option_related_to_Project_Request":["Succeeded"]},"expression":{"not":{"equals":["@outputs('List_PRFS_Alternative_Option_related_to_Project_Request')?['body']","@null"]}},"type":"If"},"PRFS_Alternative_Options_All":{"runAfter":{},"type":"InitializeVariable","inputs":{"variables":[{"name":"PRFS Alternative Options All","type":"string"}]}}},"outputs":{}}},"schemaVersion":"1.0.0.0"}