{"properties":{"connectionReferences":{"shared_commondataserviceforapps":{"runtimeSource":"embedded","connection":{"connectionReferenceLogicalName":"caps_sharedcommondataserviceforapps_f91b4"},"api":{"name":"shared_commondataserviceforapps"}},"shared_commondataservice":{"runtimeSource":"embedded","connection":{"connectionReferenceLogicalName":"caps_sharedcommondataservice_4083b"},"api":{"name":"shared_commondataservice"}},"shared_commondataserviceforapps_1":{"runtimeSource":"embedded","connection":{"connectionReferenceLogicalName":"caps_sharedcommondataserviceforapps_f91b4"},"api":{"name":"shared_commondataserviceforapps"}}},"definition":{"$schema":"https://schema.management.azure.com/providers/Microsoft.Logic/schemas/2016-06-01/workflowdefinition.json#","contentVersion":"1.0.0.0","parameters":{"$connections":{"defaultValue":{},"type":"Object"},"$authentication":{"defaultValue":{},"type":"SecureObject"}},"triggers":{"When_a_record_is_created,_updated_or_deleted":{"type":"OpenApiConnectionWebhook","inputs":{"host":{"connectionName":"shared_commondataserviceforapps","operationId":"SubscribeWebhookTrigger","apiId":"/providers/Microsoft.PowerApps/apis/shared_commondataserviceforapps"},"parameters":{"subscriptionRequest/message":3,"subscriptionRequest/entityname":"caps_callforsubmission","subscriptionRequest/scope":4,"subscriptionRequest/filteringattributes":"statuscode","subscriptionRequest/filterexpression":"statuscode eq 200870000"},"authentication":"@parameters('$authentication')"},"conditions":[]}},"actions":{"List_Capital_Plans_related_to_Call_for_Submission":{"runAfter":{},"type":"OpenApiConnection","inputs":{"host":{"connectionName":"shared_commondataserviceforapps","operationId":"ListRecords","apiId":"/providers/Microsoft.PowerApps/apis/shared_commondataserviceforapps"},"parameters":{"entityName":"caps_submissions","fetchXml":"<fetch version=\"1.0\" output-format=\"xml-platform\" mapping=\"logical\" distinct=\"false\">\n  <entity name=\"caps_submission\" >\n    <all-attributes/>\n    <filter>\n      <condition attribute=\"caps_callforsubmission\" operator=\"eq\" value=\"@{triggerOutputs()?['body/caps_callforsubmissionid']}\" uitype=\"caps_callforsubmission\" />\n      <condition attribute=\"statuscode\" operator=\"neq\" value=\"100000001\" />\n    </filter>\n  </entity>\n</fetch>"},"authentication":"@parameters('$authentication')"}},"Apply_to_each_Capital_Plan":{"foreach":"@outputs('List_Capital_Plans_related_to_Call_for_Submission')?['body/value']","actions":{"Apply_to_each_Project_Request_that_is_not_Bus":{"foreach":"@outputs('List_Project_Requests_that_are_not_for_Bus')?['body/value']","actions":{"Condition_Ministry_Review_Status_is_Supported_or_Planned":{"actions":{"Get_Project_Submission_Category":{"runAfter":{},"type":"OpenApiConnection","inputs":{"host":{"connectionName":"shared_commondataserviceforapps","operationId":"GetItem","apiId":"/providers/Microsoft.PowerApps/apis/shared_commondataserviceforapps"},"parameters":{"entityName":"caps_submissioncategories","recordId":"@items('Apply_to_each_Project_Request_that_is_not_Bus')?['_caps_submissioncategory_value']"},"authentication":"@parameters('$authentication')"}},"Switch_on_Submission_Category_Type":{"runAfter":{"Get_Project_Submission_Category":["Succeeded"]},"cases":{"Major":{"case":200870000,"actions":{"Is_Project_Request_Lease":{"actions":{"Update_Supported_Lease_Project_Request_to_status_Supported":{"runAfter":{},"type":"OpenApiConnection","inputs":{"host":{"connectionName":"shared_commondataserviceforapps","operationId":"UpdateRecord","apiId":"/providers/Microsoft.PowerApps/apis/shared_commondataserviceforapps"},"parameters":{"entityName":"caps_projects","recordId":"@items('Apply_to_each_Project_Request_that_is_not_Bus')?['caps_projectid']","item/statuscode":200870002,"item/statecode":1},"authentication":"@parameters('$authentication')"}}},"runAfter":{},"else":{"actions":{"Is_Project_Request_Supported":{"actions":{"Supported_Major_Project":{"actions":{"Create_New_Project_11":{"runAfter":{},"type":"OpenApiConnection","inputs":{"host":{"connectionName":"shared_commondataserviceforapps","operationId":"CreateRecord","apiId":"/providers/Microsoft.PowerApps/apis/shared_commondataserviceforapps"},"parameters":{"entityName":"caps_projecttrackers","item/caps_afg":0,"item/caps_approvedreserve":0,"item/caps_capitalprojectbudget":0,"item/caps_designcapacityelementary":0,"item/caps_designcapacitykindergarten":0,"item/caps_designcapacitysecondary":0,"item/caps_economicadjustment":0,"item/caps_federal":0,"item/caps_initialapproved":0,"item/caps_landcapital":0,"item/caps_thirdparty":0,"item/caps_projectnumber":"@items('Apply_to_each_Project_Request_that_is_not_Bus')?['caps_projectnumber']","item/caps_provincial":0,"item/caps_restrictedcapital":0,"item/caps_riskitems":0,"item/caps_SchoolDistrict@odata.bind":"edu_schooldistricts(@{items('Apply_to_each_Project_Request_that_is_not_Bus')?['_caps_schooldistrict_value']})","item/caps_sdother":0,"item/caps_supplementalitems":0,"item/caps_unapprovedreserve":0,"item/caps_StartingCapitalPlanYear@odata.bind":"edu_years(@{triggerOutputs()?['body/_caps_capitalplanyear_value']})","item/caps_description":"@items('Apply_to_each_Project_Request_that_is_not_Bus')?['caps_projectdescription']","item/caps_districtoperatingcapacityelementary":"@items('Apply_to_each_Project_Request_that_is_not_Bus')?['caps_changeindistrictoperatingcapacity_e']","item/caps_districtoperatingcapacitykindergarten":"@items('Apply_to_each_Project_Request_that_is_not_Bus')?['caps_changeindistrictoperatingcapacity_k']","item/caps_districtoperatingcapacitysecondary":"@items('Apply_to_each_Project_Request_that_is_not_Bus')?['caps_changeindistrictoperatingcapacity_s']","item/caps_otherfacility":"@items('Apply_to_each_Project_Request_that_is_not_Bus')?['caps_otherfacility']","item/ownerid@odata.bind":"teams(@{outputs('Get_the_School_District_record')?['body/_caps_sddefaultteam_value']})","item/statuscode":1,"item/caps_ProjectType@odata.bind":"caps_projecttypes(@{items('Apply_to_each_Project_Request_that_is_not_Bus')?['_caps_projecttype_value']})","item/caps_proposedfacility":"@items('Apply_to_each_Project_Request_that_is_not_Bus')?['caps_proposedfacility']","item/caps_proposedsite":"@items('Apply_to_each_Project_Request_that_is_not_Bus')?['caps_proposedsite']","item/caps_requestedfunding":"@items('Apply_to_each_Project_Request_that_is_not_Bus')?['caps_totalprojectcost']","item/caps_sdprojectnumber":"@items('Apply_to_each_Project_Request_that_is_not_Bus')?['caps_sdprojectnumber']","item/caps_Submission@odata.bind":"caps_submissions(@{items('Apply_to_each_Capital_Plan')?['caps_submissionid']})","item/caps_SubmissionCategory@odata.bind":"caps_submissioncategories(@{items('Apply_to_each_Project_Request_that_is_not_Bus')?['_caps_submissioncategory_value']})"},"authentication":"@parameters('$authentication')"}},"Update_Facility_on_New_Project":{"runAfter":{"Create_New_Project_11":["Succeeded"]},"type":"OpenApiConnection","inputs":{"host":{"connectionName":"shared_commondataservice","operationId":"PatchItem_V2","apiId":"/providers/Microsoft.PowerApps/apis/shared_commondataservice"},"parameters":{"dataset":"default.cds","table":"caps_projecttrackers","id":"@outputs('Create_New_Project_11')?['body/caps_projecttrackerid']","item/_caps_facility_value":"@items('Apply_to_each_Project_Request_that_is_not_Bus')?['_caps_facility_value']","item/_ownerid_type":""},"authentication":"@parameters('$authentication')"}}},"runAfter":{},"type":"Scope"},"Relate_Project_Request_to_Project":{"runAfter":{"Update_the_Project_Request":["Succeeded"]},"type":"OpenApiConnection","inputs":{"host":{"connectionName":"shared_commondataserviceforapps","operationId":"AssociateEntities","apiId":"/providers/Microsoft.PowerApps/apis/shared_commondataserviceforapps"},"parameters":{"entityName":"caps_projects","recordId":"@items('Apply_to_each_Project_Request_that_is_not_Bus')?['caps_projectid']","associationEntityRelationship":"caps_ProjectRequest_caps_Project","item/@odata.id":"@outputs('Create_New_Project_11')?['body/@odata.id']"},"authentication":"@parameters('$authentication')"}},"Update_the_Project_Request":{"runAfter":{"Apply_to_Each_Previously_Planned_Project":["Succeeded"]},"type":"OpenApiConnection","inputs":{"host":{"connectionName":"shared_commondataserviceforapps","operationId":"UpdateRecord","apiId":"/providers/Microsoft.PowerApps/apis/shared_commondataserviceforapps"},"parameters":{"entityName":"caps_projects","recordId":"@items('Apply_to_each_Project_Request_that_is_not_Bus')?['caps_projectid']","item/statuscode":200870002,"item/statecode":1},"authentication":"@parameters('$authentication')"}},"Apply_to_Each_Previously_Planned_Project":{"foreach":"@outputs('List_Any_Previously_Planned_Projects_related_to_Project_Request')?['body/value']","actions":{"Check_if_Previous_Planned_Project_exists":{"actions":{},"runAfter":{},"else":{"actions":{"Update_Previously_Planned_Project":{"runAfter":{},"type":"OpenApiConnection","inputs":{"host":{"connectionName":"shared_commondataserviceforapps","operationId":"UpdateRecord","apiId":"/providers/Microsoft.PowerApps/apis/shared_commondataserviceforapps"},"parameters":{"entityName":"caps_projecttrackers","recordId":"@items('Apply_to_Each_Previously_Planned_Project')?['caps_projecttrackerid']","item/statuscode":200870006,"item/caps_RelatedProject@odata.bind":"caps_projecttrackers(@{outputs('Create_New_Project_11')?['body/caps_projecttrackerid']})","item/statecode":1},"authentication":"@parameters('$authentication')"}},"Update_Newly_Created_Project":{"runAfter":{"Update_Previously_Planned_Project":["Succeeded"]},"type":"OpenApiConnection","inputs":{"host":{"connectionName":"shared_commondataserviceforapps","operationId":"UpdateRecord","apiId":"/providers/Microsoft.PowerApps/apis/shared_commondataserviceforapps"},"parameters":{"entityName":"caps_projecttrackers","recordId":"@outputs('Create_New_Project_11')?['body/caps_projecttrackerid']","item/caps_RelatedProject@odata.bind":"caps_projecttrackers(@{outputs('Update_Previously_Planned_Project')?['body/caps_projecttrackerid']})"},"authentication":"@parameters('$authentication')"}}}},"expression":{"equals":["@items('Apply_to_Each_Previously_Planned_Project')?['caps_projecttrackerid']","@null"]},"type":"If"}},"runAfter":{"List_Any_Previously_Planned_Projects_related_to_Project_Request":["Succeeded"]},"type":"Foreach"},"List_Any_Previously_Planned_Projects_related_to_Project_Request":{"runAfter":{"Supported_Major_Project":["Succeeded"]},"type":"OpenApiConnection","inputs":{"host":{"connectionName":"shared_commondataserviceforapps","operationId":"ListRecords","apiId":"/providers/Microsoft.PowerApps/apis/shared_commondataserviceforapps"},"parameters":{"entityName":"caps_projecttrackers","fetchXml":"<fetch version=\"1.0\" output-format=\"xml-platform\" mapping=\"logical\" distinct=\"true\">\n  <entity name=\"caps_projecttracker\">\n    <attribute name=\"caps_projecttrackerid\" />\n    <attribute name=\"caps_name\" />\n    <attribute name=\"createdon\" />\n    <order attribute=\"caps_name\" descending=\"false\" />\n    <filter type=\"and\">\n      <condition attribute=\"statuscode\" operator=\"eq\" value=\"200870005\" />\n    </filter>\n    <link-entity name=\"caps_projectrequest_caps_project\" from=\"caps_projecttrackerid\" to=\"caps_projecttrackerid\" visible=\"false\" intersect=\"true\">\n      <link-entity name=\"caps_project\" from=\"caps_projectid\" to=\"caps_projectid\" alias=\"ag\">\n        <filter type=\"and\">\n          <condition attribute=\"caps_projectid\" operator=\"eq\" uitype=\"caps_project\" value=\"{@{items('Apply_to_each_Project_Request_that_is_not_Bus')?['caps_projectid']}}\" />\n        </filter>\n      </link-entity>\n    </link-entity>\n  </entity>\n</fetch>"},"authentication":"@parameters('$authentication')"}}},"runAfter":{},"else":{"actions":{"Update_Project_Request_2_-_Set_to_Draft":{"runAfter":{"Update_Facility_on_New_Planned_Project":["Succeeded"]},"type":"OpenApiConnection","inputs":{"host":{"connectionName":"shared_commondataserviceforapps","operationId":"UpdateRecord","apiId":"/providers/Microsoft.PowerApps/apis/shared_commondataserviceforapps"},"parameters":{"entityName":"caps_projects","recordId":"@items('Apply_to_each_Project_Request_that_is_not_Bus')?['caps_projectid']","item/caps_ministryassessmentstatus":200870001,"item/ownerid@odata.bind":"teams(@{outputs('Get_the_School_District_record')?['body/_caps_sddefaultteam_value']})","item/statuscode":1},"authentication":"@parameters('$authentication')"}},"Unrelate_Capital_Plan_from_Project_Request_2":{"runAfter":{"Relate_Project_Request_to_Planned_Project":["Succeeded"]},"type":"OpenApiConnection","inputs":{"host":{"connectionName":"shared_commondataserviceforapps","operationId":"DisassociateEntities","apiId":"/providers/Microsoft.PowerApps/apis/shared_commondataserviceforapps"},"parameters":{"entityName":"caps_submissions","recordId":"@items('Apply_to_each_Capital_Plan')?['caps_submissionid']","associationEntityRelationship":"caps_Project_Submission_caps_Submission","$id":"@items('Apply_to_each_Project_Request_that_is_not_Bus')?['caps_projectid']"},"authentication":"@parameters('$authentication')"}},"Create_a_Planned_Project_10":{"runAfter":{},"type":"OpenApiConnection","inputs":{"host":{"connectionName":"shared_commondataserviceforapps","operationId":"CreateRecord","apiId":"/providers/Microsoft.PowerApps/apis/shared_commondataserviceforapps"},"parameters":{"entityName":"caps_projecttrackers","item/caps_afg":0,"item/caps_approvedreserve":0,"item/caps_capitalprojectbudget":0,"item/caps_designcapacityelementary":0,"item/caps_designcapacitykindergarten":0,"item/caps_designcapacitysecondary":0,"item/caps_economicadjustment":0,"item/caps_federal":0,"item/caps_initialapproved":0,"item/caps_landcapital":0,"item/caps_thirdparty":0,"item/caps_projectnumber":"@items('Apply_to_each_Project_Request_that_is_not_Bus')?['caps_projectnumber']","item/caps_provincial":0,"item/caps_restrictedcapital":0,"item/caps_riskitems":0,"item/caps_SchoolDistrict@odata.bind":"edu_schooldistricts(@{items('Apply_to_each_Project_Request_that_is_not_Bus')?['_caps_schooldistrict_value']})","item/caps_sdother":0,"item/caps_supplementalitems":0,"item/caps_unapprovedreserve":0,"item/caps_StartingCapitalPlanYear@odata.bind":"edu_years(@{triggerOutputs()?['body/_caps_capitalplanyear_value']})","item/caps_description":"@items('Apply_to_each_Project_Request_that_is_not_Bus')?['caps_projectdescription']","item/caps_districtoperatingcapacityelementary":"@items('Apply_to_each_Project_Request_that_is_not_Bus')?['caps_changeindistrictoperatingcapacity_e']","item/caps_districtoperatingcapacitykindergarten":"@items('Apply_to_each_Project_Request_that_is_not_Bus')?['caps_changeindistrictoperatingcapacity_k']","item/caps_districtoperatingcapacitysecondary":"@items('Apply_to_each_Project_Request_that_is_not_Bus')?['caps_changeindistrictoperatingcapacity_s']","item/caps_otherfacility":"@items('Apply_to_each_Project_Request_that_is_not_Bus')?['caps_otherfacility']","item/ownerid@odata.bind":"teams(@{body('Parse_JSON_GET_MoE')?['ownerid']})","item/statuscode":200870005,"item/caps_ProjectType@odata.bind":"caps_projecttypes(@{items('Apply_to_each_Project_Request_that_is_not_Bus')?['_caps_projecttype_value']})","item/caps_proposedfacility":"@items('Apply_to_each_Project_Request_that_is_not_Bus')?['caps_proposedfacility']","item/caps_proposedsite":"@items('Apply_to_each_Project_Request_that_is_not_Bus')?['caps_proposedsite']","item/caps_requestedfunding":"@items('Apply_to_each_Project_Request_that_is_not_Bus')?['caps_totalprojectcost']","item/caps_sdprojectnumber":"@items('Apply_to_each_Project_Request_that_is_not_Bus')?['caps_sdprojectnumber']","item/caps_Submission@odata.bind":"caps_submissions(@{items('Apply_to_each_Capital_Plan')?['caps_submissionid']})","item/caps_SubmissionCategory@odata.bind":"caps_submissioncategories(@{items('Apply_to_each_Project_Request_that_is_not_Bus')?['_caps_submissioncategory_value']})"},"authentication":"@parameters('$authentication')"}},"Update_Facility_on_New_Planned_Project":{"runAfter":{"Create_a_Planned_Project_10":["Succeeded"]},"type":"OpenApiConnection","inputs":{"host":{"connectionName":"shared_commondataservice","operationId":"PatchItem_V2","apiId":"/providers/Microsoft.PowerApps/apis/shared_commondataservice"},"parameters":{"dataset":"default.cds","table":"caps_projecttrackers","id":"@outputs('Create_a_Planned_Project_10')?['body/caps_projecttrackerid']","item/_caps_facility_value":"@items('Apply_to_each_Project_Request_that_is_not_Bus')?['_caps_facility_value']","item/_ownerid_type":""},"authentication":"@parameters('$authentication')"}},"Relate_Project_Request_to_Planned_Project":{"runAfter":{"Update_Project_Request_2_-_Set_to_Draft":["Succeeded"]},"type":"OpenApiConnection","inputs":{"host":{"connectionName":"shared_commondataserviceforapps","operationId":"AssociateEntities","apiId":"/providers/Microsoft.PowerApps/apis/shared_commondataserviceforapps"},"parameters":{"entityName":"caps_projects","recordId":"@items('Apply_to_each_Project_Request_that_is_not_Bus')?['caps_projectid']","associationEntityRelationship":"caps_ProjectRequest_caps_Project","item/@odata.id":"@outputs('Create_a_Planned_Project_10')?['body/@odata.id']"},"authentication":"@parameters('$authentication')"}}}},"expression":{"equals":["@items('Apply_to_each_Project_Request_that_is_not_Bus')?['caps_ministryassessmentstatus']",100000000]},"type":"If"}}},"expression":{"equals":["@items('Apply_to_each_Project_Request_that_is_not_Bus')?['caps_submissioncategorycode']","LEASE"]},"type":"If"}}},"Minor":{"case":200870001,"actions":{"Update_Minor_Project_Request":{"runAfter":{"Relate_Project_Request_to_Created_Minor_Project":["Succeeded"]},"type":"OpenApiConnection","inputs":{"host":{"connectionName":"shared_commondataserviceforapps","operationId":"UpdateRecord","apiId":"/providers/Microsoft.PowerApps/apis/shared_commondataserviceforapps"},"parameters":{"entityName":"caps_projects","recordId":"@items('Apply_to_each_Project_Request_that_is_not_Bus')?['caps_projectid']","item/statuscode":200870002,"item/statecode":1},"authentication":"@parameters('$authentication')"}},"Condition":{"actions":{"Update_Project_with_Funding_Requested":{"runAfter":{},"type":"OpenApiConnection","inputs":{"host":{"connectionName":"shared_commondataserviceforapps_1","operationId":"UpdateRecord","apiId":"/providers/Microsoft.PowerApps/apis/shared_commondataserviceforapps"},"parameters":{"entityName":"caps_projecttrackers","recordId":"@outputs('Create_Minor_Project')?['body/caps_projecttrackerid']","item/caps_initialapproved":"@items('Apply_to_each_Project_Request_that_is_not_Bus')?['caps_fundingrequested']"},"authentication":"@parameters('$authentication')"}}},"runAfter":{"Condition_Check_if_Multiple_Facilities":["Succeeded"]},"else":{"actions":{"Update_Project_with_Funding_Awarded":{"runAfter":{},"type":"OpenApiConnection","inputs":{"host":{"connectionName":"shared_commondataserviceforapps_1","operationId":"UpdateRecord","apiId":"/providers/Microsoft.PowerApps/apis/shared_commondataserviceforapps"},"parameters":{"entityName":"caps_projecttrackers","recordId":"@outputs('Create_Minor_Project')?['body/caps_projecttrackerid']","item/caps_initialapproved":"@items('Apply_to_each_Project_Request_that_is_not_Bus')?['caps_fundingawarded']"},"authentication":"@parameters('$authentication')"}}}},"expression":{"equals":["@items('Apply_to_each_Project_Request_that_is_not_Bus')?['caps_fundingawarded']","@null"]},"type":"If"},"Condition_Check_if_Multiple_Facilities":{"actions":{"Update_Project_with_Facility_Lookup":{"runAfter":{},"type":"OpenApiConnection","inputs":{"host":{"connectionName":"shared_commondataserviceforapps_1","operationId":"UpdateRecord","apiId":"/providers/Microsoft.PowerApps/apis/shared_commondataserviceforapps"},"parameters":{"entityName":"caps_projecttrackers","recordId":"@outputs('Create_Minor_Project')?['body/caps_projecttrackerid']","item/caps_Facility@odata.bind":"caps_facilities(@{items('Apply_to_each_Project_Request_that_is_not_Bus')?['_caps_facility_value']})"},"authentication":"@parameters('$authentication')"}}},"runAfter":{"Create_Minor_Project":["Succeeded"]},"else":{"actions":{"List_related_Facility_Records":{"runAfter":{},"type":"OpenApiConnection","inputs":{"host":{"connectionName":"shared_commondataserviceforapps_1","operationId":"ListRecords","apiId":"/providers/Microsoft.PowerApps/apis/shared_commondataserviceforapps"},"parameters":{"entityName":"caps_facilities","fetchXml":"<fetch version=\"1.0\" output-format=\"xml-platform\" mapping=\"logical\" distinct=\"true\">\n  <entity name=\"caps_facility\" >\n    <attribute name=\"caps_name\" />\n    <attribute name=\"caps_facilityid\" />\n    <link-entity name=\"caps_project_caps_facility\" from=\"caps_facilityid\" to=\"caps_facilityid\" alias=\"facilitytoproject\" intersect=\"true\" >\n      <filter>\n        <condition attribute=\"caps_projectid\" operator=\"eq\" value=\"@{items('Apply_to_each_Project_Request_that_is_not_Bus')?['caps_projectid']}\" />\n      </filter>\n    </link-entity>\n  </entity>\n</fetch>"},"authentication":"@parameters('$authentication')"}},"Apply_to_each_listed_facility":{"foreach":"@outputs('List_related_Facility_Records')?['body/value']","actions":{"Relate_Multiple_Facilities_to_Project":{"runAfter":{},"type":"OpenApiConnection","inputs":{"host":{"connectionName":"shared_commondataserviceforapps_1","operationId":"AssociateEntities","apiId":"/providers/Microsoft.PowerApps/apis/shared_commondataserviceforapps"},"parameters":{"entityName":"caps_facilities","recordId":"@items('Apply_to_each_listed_facility')?['caps_facilityid']","associationEntityRelationship":"caps_ProjectTracker_caps_Facility_caps_Fa","item/@odata.id":"@outputs('Create_Minor_Project')?['body/@odata.id']"},"authentication":"@parameters('$authentication')"}}},"runAfter":{"List_related_Facility_Records":["Succeeded"]},"type":"Foreach"}}},"expression":{"not":{"equals":["@items('Apply_to_each_Project_Request_that_is_not_Bus')?['_caps_facility_value']","@null"]}},"type":"If"},"Create_Minor_Project":{"runAfter":{},"type":"OpenApiConnection","inputs":{"host":{"connectionName":"shared_commondataserviceforapps","operationId":"CreateRecord","apiId":"/providers/Microsoft.PowerApps/apis/shared_commondataserviceforapps"},"parameters":{"entityName":"caps_projecttrackers","item/caps_afg":0,"item/caps_approvedreserve":0,"item/caps_capitalprojectbudget":0,"item/caps_designcapacityelementary":0,"item/caps_designcapacitykindergarten":0,"item/caps_designcapacitysecondary":0,"item/caps_economicadjustment":0,"item/caps_federal":0,"item/caps_initialapproved":0,"item/caps_landcapital":0,"item/caps_thirdparty":0,"item/caps_projectnumber":"@items('Apply_to_each_Project_Request_that_is_not_Bus')?['caps_projectnumber']","item/caps_provincial":0,"item/caps_restrictedcapital":0,"item/caps_riskitems":0,"item/caps_SchoolDistrict@odata.bind":"edu_schooldistricts(@{items('Apply_to_each_Project_Request_that_is_not_Bus')?['_caps_schooldistrict_value']})","item/caps_sdother":0,"item/caps_supplementalitems":0,"item/caps_unapprovedreserve":0,"item/caps_StartingCapitalPlanYear@odata.bind":"edu_years(@{triggerOutputs()?['body/_caps_capitalplanyear_value']})","item/caps_description":"@items('Apply_to_each_Project_Request_that_is_not_Bus')?['caps_projectdescription']","item/caps_multiplefacilities":"@items('Apply_to_each_Project_Request_that_is_not_Bus')?['caps_multiplefacilities']","item/caps_otherfacility":"@items('Apply_to_each_Project_Request_that_is_not_Bus')?['caps_otherfacility']","item/ownerid@odata.bind":"teams(@{outputs('Get_the_School_District_record')?['body/_caps_sddefaultteam_value']})","item/statuscode":200870000,"item/caps_ProjectType@odata.bind":"caps_projecttypes(@{items('Apply_to_each_Project_Request_that_is_not_Bus')?['_caps_projecttype_value']})","item/caps_proposedfacility":"@items('Apply_to_each_Project_Request_that_is_not_Bus')?['caps_proposedfacility']","item/caps_proposedsite":"@items('Apply_to_each_Project_Request_that_is_not_Bus')?['caps_proposedsite']","item/caps_requestedfunding":"@items('Apply_to_each_Project_Request_that_is_not_Bus')?['caps_fundingrequested']","item/caps_sdprojectnumber":"@items('Apply_to_each_Project_Request_that_is_not_Bus')?['caps_sdprojectnumber']","item/caps_Submission@odata.bind":"caps_submissions(@{items('Apply_to_each_Capital_Plan')?['caps_submissionid']})","item/caps_SubmissionCategory@odata.bind":"caps_submissioncategories(@{items('Apply_to_each_Project_Request_that_is_not_Bus')?['_caps_submissioncategory_value']})"},"authentication":"@parameters('$authentication')"}},"Relate_Project_Request_to_Created_Minor_Project":{"runAfter":{"Condition":["Succeeded"]},"type":"OpenApiConnection","inputs":{"host":{"connectionName":"shared_commondataserviceforapps","operationId":"AssociateEntities","apiId":"/providers/Microsoft.PowerApps/apis/shared_commondataserviceforapps"},"parameters":{"entityName":"caps_projects","recordId":"@items('Apply_to_each_Project_Request_that_is_not_Bus')?['caps_projectid']","associationEntityRelationship":"caps_ProjectRequest_caps_Project","item/@odata.id":"@outputs('Create_Minor_Project')?['body/@odata.id']"},"authentication":"@parameters('$authentication')"}}}},"BEP":{"case":200870003,"actions":{"Create_a_BEP_Project":{"runAfter":{},"type":"OpenApiConnection","inputs":{"host":{"connectionName":"shared_commondataserviceforapps","operationId":"CreateRecord","apiId":"/providers/Microsoft.PowerApps/apis/shared_commondataserviceforapps"},"parameters":{"entityName":"caps_projecttrackers","item/caps_afg":0,"item/caps_approvedreserve":0,"item/caps_capitalprojectbudget":0,"item/caps_designcapacityelementary":0,"item/caps_designcapacitykindergarten":0,"item/caps_designcapacitysecondary":0,"item/caps_economicadjustment":0,"item/caps_federal":0,"item/caps_initialapproved":0,"item/caps_landcapital":0,"item/caps_thirdparty":0,"item/caps_projectnumber":"@items('Apply_to_each_Project_Request_that_is_not_Bus')?['caps_projectnumber']","item/caps_provincial":0,"item/caps_restrictedcapital":0,"item/caps_riskitems":0,"item/caps_SchoolDistrict@odata.bind":"edu_schooldistricts(@{items('Apply_to_each_Project_Request_that_is_not_Bus')?['_caps_schooldistrict_value']})","item/caps_sdother":0,"item/caps_supplementalitems":0,"item/caps_unapprovedreserve":0,"item/caps_StartingCapitalPlanYear@odata.bind":"edu_years(@{triggerOutputs()?['body/_caps_capitalplanyear_value']})","item/caps_description":"@items('Apply_to_each_Project_Request_that_is_not_Bus')?['caps_projectdescription']","item/caps_Facility@odata.bind":"caps_facilities(@{items('Apply_to_each_Project_Request_that_is_not_Bus')?['_caps_facility_value']})","item/caps_otherfacility":"@items('Apply_to_each_Project_Request_that_is_not_Bus')?['caps_otherfacility']","item/ownerid@odata.bind":"teams(@{outputs('Get_the_School_District_record')?['body/_caps_sddefaultteam_value']})","item/statuscode":200870000,"item/caps_ProjectType@odata.bind":"caps_projecttypes(@{items('Apply_to_each_Project_Request_that_is_not_Bus')?['_caps_projecttype_value']})","item/caps_proposedfacility":"@items('Apply_to_each_Project_Request_that_is_not_Bus')?['caps_proposedfacility']","item/caps_proposedsite":"@items('Apply_to_each_Project_Request_that_is_not_Bus')?['caps_proposedsite']","item/caps_requestedfunding":"@items('Apply_to_each_Project_Request_that_is_not_Bus')?['caps_totalprojectcost']","item/caps_sdprojectnumber":"@items('Apply_to_each_Project_Request_that_is_not_Bus')?['caps_sdprojectnumber']","item/caps_Submission@odata.bind":"caps_submissions(@{items('Apply_to_each_Capital_Plan')?['caps_submissionid']})","item/caps_SubmissionCategory@odata.bind":"caps_submissioncategories(@{items('Apply_to_each_Project_Request_that_is_not_Bus')?['_caps_submissioncategory_value']})"},"authentication":"@parameters('$authentication')"}},"Update_BEP_Project_Request":{"runAfter":{"Relate_Project_Request_to_Project_5":["Succeeded"]},"type":"OpenApiConnection","inputs":{"host":{"connectionName":"shared_commondataserviceforapps","operationId":"UpdateRecord","apiId":"/providers/Microsoft.PowerApps/apis/shared_commondataserviceforapps"},"parameters":{"entityName":"caps_projects","recordId":"@items('Apply_to_each_Project_Request_that_is_not_Bus')?['caps_projectid']","item/statuscode":200870002,"item/statecode":1},"authentication":"@parameters('$authentication')"}},"Relate_Project_Request_to_Project_5":{"runAfter":{"Create_a_BEP_Project":["Succeeded"]},"type":"OpenApiConnection","inputs":{"host":{"connectionName":"shared_commondataserviceforapps","operationId":"AssociateEntities","apiId":"/providers/Microsoft.PowerApps/apis/shared_commondataserviceforapps"},"parameters":{"entityName":"caps_projects","recordId":"@items('Apply_to_each_Project_Request_that_is_not_Bus')?['caps_projectid']","associationEntityRelationship":"caps_ProjectRequest_caps_Project","item/@odata.id":"@outputs('Create_a_BEP_Project')?['body/@odata.id']"},"authentication":"@parameters('$authentication')"}}}}},"default":{"actions":{}},"expression":"@outputs('Get_Project_Submission_Category')?['body/caps_type']","type":"Switch"}},"runAfter":{},"else":{"actions":{"Condition_Ministry_Review_Status_is_Not_Supported":{"actions":{"Update_a_record_-_set_Project_Request_back_to_Draft":{"runAfter":{},"type":"OpenApiConnection","inputs":{"host":{"connectionName":"shared_commondataserviceforapps","operationId":"UpdateRecord","apiId":"/providers/Microsoft.PowerApps/apis/shared_commondataserviceforapps"},"parameters":{"entityName":"caps_projects","recordId":"@items('Apply_to_each_Project_Request_that_is_not_Bus')?['caps_projectid']","item/caps_ministryassessmentstatus":"@null","item/ownerid@odata.bind":"teams(@{outputs('Get_the_School_District_record')?['body/_caps_sddefaultteam_value']})","item/statuscode":1},"authentication":"@parameters('$authentication')"}},"Unrelate_Project_Request_from_Capital_Plan":{"runAfter":{"Update_a_record_-_set_Project_Request_back_to_Draft":["Succeeded"]},"type":"OpenApiConnection","inputs":{"host":{"connectionName":"shared_commondataserviceforapps","operationId":"DisassociateEntities","apiId":"/providers/Microsoft.PowerApps/apis/shared_commondataserviceforapps"},"parameters":{"entityName":"caps_submissions","recordId":"@items('Apply_to_each_Capital_Plan')?['caps_submissionid']","associationEntityRelationship":"caps_Project_Submission_caps_Submission","$id":"@items('Apply_to_each_Project_Request_that_is_not_Bus')?['caps_projectid']"},"authentication":"@parameters('$authentication')"}}},"runAfter":{},"expression":{"equals":["@items('Apply_to_each_Project_Request_that_is_not_Bus')?['caps_ministryassessmentstatus']",100000001]},"type":"If"}}},"expression":{"or":[{"equals":["@items('Apply_to_each_Project_Request_that_is_not_Bus')?['caps_ministryassessmentstatus']",100000000]},{"equals":["@items('Apply_to_each_Project_Request_that_is_not_Bus')?['caps_ministryassessmentstatus']",200870000]}]},"type":"If"}},"runAfter":{"Get_the_School_District_record":["Succeeded"]},"type":"Foreach","runtimeConfiguration":{"concurrency":{"repetitions":1}}},"List_Project_Requests_that_are_not_for_Bus":{"runAfter":{},"type":"OpenApiConnection","inputs":{"host":{"connectionName":"shared_commondataserviceforapps","operationId":"ListRecords","apiId":"/providers/Microsoft.PowerApps/apis/shared_commondataserviceforapps"},"parameters":{"entityName":"caps_projects","fetchXml":"<fetch version=\"1.0\" output-format=\"xml-platform\" mapping=\"logical\" distinct=\"false\">\n  <entity name=\"caps_project\">\n    <all-attributes />\n    <order attribute=\"caps_projectcode\" descending=\"false\" />\n    <filter type=\"and\">\n      <condition attribute=\"caps_submission\" operator=\"eq\" uitype=\"caps_submission\" value=\"{@{items('Apply_to_each_Capital_Plan')?['caps_submissionid']}}\" />\n    </filter>\n    <link-entity name=\"caps_submissioncategory\" from=\"caps_submissioncategoryid\" to=\"caps_submissioncategory\" link-type=\"inner\" alias=\"al\">\n      <filter type=\"and\">\n        <condition attribute=\"caps_type\" operator=\"in\">\n          <value>200870000</value>\n          <value>200870001</value>\n          <value>200870003</value>\n        </condition>\n      </filter>\n    </link-entity>\n  </entity>\n</fetch>"},"authentication":"@parameters('$authentication')"}},"Get_the_School_District_record":{"runAfter":{"Apply_to_each_List_Related_Project_Snapshot_Records":["Succeeded"]},"type":"OpenApiConnection","inputs":{"host":{"connectionName":"shared_commondataserviceforapps","operationId":"GetItem","apiId":"/providers/Microsoft.PowerApps/apis/shared_commondataserviceforapps"},"parameters":{"entityName":"edu_schooldistricts","recordId":"@items('Apply_to_each_Capital_Plan')?['_caps_schooldistrict_value']"},"authentication":"@parameters('$authentication')"}},"Call_Bound_Action_to_Close_Capital_Plan":{"runAfter":{"Create_Supporting_Docs_Record_Scope":["Succeeded"]},"type":"OpenApiConnection","inputs":{"host":{"connectionName":"shared_commondataserviceforapps","operationId":"PerformBoundAction","apiId":"/providers/Microsoft.PowerApps/apis/shared_commondataserviceforapps"},"parameters":{"entityName":"caps_submissions","actionName":"Microsoft.Dynamics.CRM.caps_CloseCapitalPlan","recordId":"@items('Apply_to_each_Capital_Plan')?['caps_submissionid']"},"authentication":"@parameters('$authentication')"}},"Apply_to_each_List_Related_Project_Snapshot_Records":{"foreach":"@outputs('List_Project_Requests_that_are_not_for_Bus')?['body/value']","actions":{"List_Related_Project_Snapshot_Record":{"runAfter":{},"type":"OpenApiConnection","inputs":{"host":{"connectionName":"shared_commondataserviceforapps","operationId":"ListRecords","apiId":"/providers/Microsoft.PowerApps/apis/shared_commondataserviceforapps"},"parameters":{"entityName":"caps_projecthistories","fetchXml":"<fetch version=\"1.0\" output-format=\"xml-platform\" mapping=\"logical\" distinct=\"false\">\n  <entity name=\"caps_projecthistory\" >\n    <attribute name=\"caps_resultsreleasedreviewstatus\" />\n    <attribute name=\"caps_submission\" />\n    <attribute name=\"caps_project\" />\n    <filter>\n      <condition attribute=\"caps_submission\" operator=\"eq\" value=\"@{items('Apply_to_each_Capital_Plan')?['caps_submissionid']}\"  uitype=\"caps_submission\" />\n      <condition attribute=\"caps_project\" operator=\"eq\" value=\"@{items('Apply_to_each_List_Related_Project_Snapshot_Records')?['caps_projectid']}\" uitype=\"caps_project\" />\n    </filter>\n  </entity>\n</fetch>"},"authentication":"@parameters('$authentication')"}},"Apply_to_each_Update_Project_Snapshot_Record":{"foreach":"@outputs('List_Related_Project_Snapshot_Record')?['body/value']","actions":{"Update_Project_Snapshot_Record":{"runAfter":{},"type":"OpenApiConnection","inputs":{"host":{"connectionName":"shared_commondataserviceforapps","operationId":"UpdateRecord","apiId":"/providers/Microsoft.PowerApps/apis/shared_commondataserviceforapps"},"parameters":{"entityName":"caps_projecthistories","recordId":"@items('Apply_to_each_Update_Project_Snapshot_Record')?['caps_projecthistoryid']","item/caps_resultsreleasedreviewstatus":"@items('Apply_to_each_List_Related_Project_Snapshot_Records')?['caps_ministryassessmentstatus']"},"authentication":"@parameters('$authentication')"}}},"runAfter":{"List_Related_Project_Snapshot_Record":["Succeeded"]},"type":"Foreach"}},"runAfter":{"List_Project_Requests_that_are_not_for_Bus":["Succeeded"]},"type":"Foreach"},"Create_Supporting_Docs_Record_Scope":{"actions":{"Create_Supporting_Documents_Record":{"runAfter":{},"type":"OpenApiConnection","inputs":{"host":{"connectionName":"shared_commondataservice","operationId":"PostItem_V2","apiId":"/providers/Microsoft.PowerApps/apis/shared_commondataservice"},"parameters":{"dataset":"default.cds","table":"caps_capitalplansupportingdocumentses","item/caps_name":"@{items('Apply_to_each_Capital_Plan')?['caps_name']} - Supporting Documents","item/_caps_capitalplan_value":"@items('Apply_to_each_Capital_Plan')?['caps_submissionid']","item/_ownerid_value":"@outputs('Get_the_School_District_record')?['body/_caps_sddefaultteam_value']","item/_ownerid_type":"teams"},"authentication":"@parameters('$authentication')"}},"Link_Supporting_Documents_Record_to_Capital_Plan":{"runAfter":{"Create_Supporting_Documents_Record":["Succeeded"]},"type":"OpenApiConnection","inputs":{"host":{"connectionName":"shared_commondataservice","operationId":"PatchItem_V2","apiId":"/providers/Microsoft.PowerApps/apis/shared_commondataservice"},"parameters":{"dataset":"default.cds","table":"caps_submissions","id":"@outputs('Create_Supporting_Documents_Record')?['body/_caps_capitalplan_value']","item/_ownerid_type":"","item/_caps_supportingdocuments_value":"@outputs('Create_Supporting_Documents_Record')?['body/caps_capitalplansupportingdocumentsid']"},"authentication":"@parameters('$authentication')"}}},"runAfter":{"Apply_to_each_Project_Request_that_is_not_Bus":["Succeeded"]},"type":"Scope"}},"runAfter":{"Parse_JSON_GET_MoE":["Succeeded"]},"type":"Foreach"},"Call_GetMOETeam_Action":{"runAfter":{"List_Capital_Plans_related_to_Call_for_Submission":["Succeeded"]},"type":"OpenApiConnection","inputs":{"host":{"connectionName":"shared_commondataserviceforapps","operationId":"PerformUnboundAction","apiId":"/providers/Microsoft.PowerApps/apis/shared_commondataserviceforapps"},"parameters":{"actionName":"caps_GetMoETeam"},"authentication":"@parameters('$authentication')"}},"Parse_JSON_GET_MoE":{"runAfter":{"Call_GetMOETeam_Action":["Succeeded"]},"type":"ParseJson","inputs":{"content":"@outputs('Call_GetMOETeam_Action')?['body']","schema":{"type":"object","properties":{"@@odata.context":{"type":"string"},"ownerid":{"type":"string"}}}}}},"outputs":{}}},"schemaVersion":"1.0.0.0"}